{"parameters/dense_1.weights":{"_type":"histogram","values":[2,0,1,1,0,2,4,5,6,5,13,8,16,14,15,20,24,31,27,28,36,44,36,42,37,44,39,43,37,39,38,34,41,40,37,38,46,43,37,36,41,40,41,37,42,33,41,35,48,33,40,30,27,34,29,24,19,30,11,8,6,3,1,2],"bins":[-0.45571187138557434,-0.4437538981437683,-0.4317958950996399,-0.41983792185783386,-0.40787991881370544,-0.3959219455718994,-0.383963942527771,-0.37200596928596497,-0.36004796624183655,-0.3480899930000305,-0.3361319899559021,-0.32417401671409607,-0.31221601366996765,-0.3002580404281616,-0.2883000373840332,-0.2763420641422272,-0.26438409090042114,-0.2524260878562927,-0.2404680997133255,-0.22851011157035828,-0.21655212342739105,-0.20459413528442383,-0.1926361471414566,-0.18067815899848938,-0.16872018575668335,-0.15676219761371613,-0.1448042094707489,-0.13284622132778168,-0.12088823318481445,-0.10893024504184723,-0.09697225689888,-0.08501426875591278,-0.07305628061294556,-0.06109829246997833,-0.04914030432701111,-0.03718231990933418,-0.02522433176636696,-0.013266344554722309,-0.0013083573430776596,0.01064962986856699,0.02260761708021164,0.034565605223178864,0.04652359336614609,0.05848157778382301,0.07043956220149994,0.08239755034446716,0.09435553848743439,0.10631352663040161,0.11827151477336884,0.13022950291633606,0.14218749105930328,0.1541454792022705,0.16610346734523773,0.17806145548820496,0.19001944363117218,0.2019774317741394,0.21393540501594543,0.22589339315891266,0.23785138130187988,0.2498093694448471,0.26176735758781433,0.27372536063194275,0.2856833338737488,0.2976413369178772,0.3095993101596832]},"accuracy":0.9726443886756897,"_wandb":{"runtime":365},"graph":{"size":1062,"path":"media/graph/graph_summary_2295c40c5e07289b3c85.graph.json","_type":"graph-file","sha256":"2295c40c5e07289b3c85c3391c715d7d4e6982507b0e427bd5feb06c6fb68057"},"best_epoch":11,"best_val_loss":0.566281259059906,"_step":14,"epoch":14,"parameters/dense_1.bias":{"_type":"histogram","values":[1,0,0,0,0,0,0,0,0,0,0,0,0,0,0,0,0,0,0,0,0,1,0,0,0,1,0,0,0,1,0,1,0,0,0,0,0,0,1,0,0,0,0,0,0,0,0,1,0,0,0,1,1,0,1,0,0,1,1,0,0,0,0,1],"bins":[-0.05373844876885414,-0.05248386785387993,-0.05122928321361542,-0.049974702298641205,-0.04872012138366699,-0.04746553674340248,-0.04621095582842827,-0.044956374913454056,-0.043701790273189545,-0.04244720935821533,-0.04119262844324112,-0.03993804380297661,-0.038683462888002396,-0.03742888197302818,-0.03617430105805397,-0.03491971641778946,-0.03366513550281525,-0.032410554587841034,-0.031155969947576523,-0.02990138903260231,-0.02864680625498295,-0.027392225340008736,-0.026137642562389374,-0.024883059784770012,-0.0236284788697958,-0.022373896092176437,-0.021119313314557076,-0.019864732399582863,-0.0186101496219635,-0.01735556684434414,-0.016100985929369926,-0.014846403151750565,-0.013591821305453777,-0.01233723945915699,-0.011082656681537628,-0.009828074835240841,-0.008573492988944054,-0.007318910676985979,-0.006064328830689192,-0.004809746518731117,-0.0035551644396036863,-0.0023005823604762554,-0.0010460002813488245,0.00020858188509009778,0.0014631639933213592,0.002717746188864112,0.003972328267991543,0.00522691011428833,0.006481492426246405,0.007736074738204479,0.008990656584501266,0.010245238430798054,0.011499821208417416,0.012754403054714203,0.01400898490101099,0.015263566747307777,0.01651814952492714,0.0177727323025465,0.019027313217520714,0.020281895995140076,0.02153647691011429,0.02279105968773365,0.024045642465353012,0.025300223380327225,0.026554806157946587]},"val_loss":0.6875919699668884,"val_accuracy":0.8164893388748169,"parameters/embedding.weights":{"values":[3,3,2,3,4,5,9,11,9,15,22,29,33,38,64,101,130,228,342,544,824,1214,1732,2422,3075,28809,67556,68207,68680,68848,69219,68460,68234,67768,42131,3183,2446,1786,1246,896,575,376,226,143,122,65,59,39,27,24,18,13,13,11,6,3,2,7,1,1,0,0,0,2],"bins":[-0.3343029320240021,-0.3231971263885498,-0.3120913505554199,-0.30098554491996765,-0.2898797392845154,-0.2787739336490631,-0.2676681578159332,-0.25656235218048096,-0.24545656144618988,-0.2343507558107376,-0.22324496507644653,-0.21213917434215546,-0.20103336870670319,-0.1899275779724121,-0.17882177233695984,-0.16771598160266876,-0.15661019086837769,-0.14550438523292542,-0.13439859449863434,-0.12329279631376266,-0.11218699812889099,-0.10108119994401932,-0.08997540175914764,-0.07886960357427597,-0.0677638053894043,-0.05665801092982292,-0.04555221647024155,-0.03444641828536987,-0.02334062196314335,-0.012234825640916824,-0.0011290283873677254,0.009976768866181374,0.021082565188407898,0.03218836337327957,0.04329415783286095,0.05439995601773262,0.065505750477314,0.07661154866218567,0.08771734684705734,0.09882314503192902,0.10992893576622009,0.12103473395109177,0.13214053213596344,0.14324632287025452,0.1543521285057068,0.16545791923999786,0.17656372487545013,0.1876695156097412,0.19877532124519348,0.20988111197948456,0.22098690271377563,0.2320927083492279,0.24319849908351898,0.25430428981781006,0.26541009545326233,0.2765159010887146,0.2876216769218445,0.29872748255729675,0.309833288192749,0.3209390640258789,0.3320448696613312,0.34315067529678345,0.3542564809322357,0.3653622567653656,0.37646806240081787],"_type":"histogram"},"_timestamp":1.7500971760481784e+09,"parameters/dense.bias":{"values":[1,0,1,0,0,0,0,0,0,0,1,0,0,1,1,2,2,0,2,1,2,4,2,3,1,2,4,7,7,6,2,0,4,2,6,4,6,3,4,3,6,5,2,3,3,6,2,2,1,2,1,2,1,1,0,1,2,1,1,0,0,1,0,1],"bins":[-0.044743604958057404,-0.04265068471431732,-0.04055776447057724,-0.03846484795212746,-0.036371927708387375,-0.03427900746464729,-0.03218609094619751,-0.030093170702457428,-0.028000250458717346,-0.025907330214977264,-0.023814411833882332,-0.0217214934527874,-0.019628573209047318,-0.017535652965307236,-0.015442734584212303,-0.013349815271794796,-0.011256895959377289,-0.009163976646959782,-0.0070710573345422745,-0.004978138022124767,-0.00288521870970726,-0.000792299397289753,0.0013006199151277542,0.0033935392275452614,0.0054864585399627686,0.007579377852380276,0.009672297164797783,0.01176521647721529,0.013858135789632797,0.01595105603337288,0.01804397441446781,0.020136892795562744,0.022229813039302826,0.024322733283042908,0.02641565166413784,0.028508570045232773,0.030601490288972855,0.032694410532712936,0.03478732705116272,0.0368802472949028,0.03897316753864288,0.041066087782382965,0.04315900802612305,0.04525192454457283,0.04734484478831291,0.049437765032052994,0.05153068155050278,0.05362360179424286,0.05571652203798294,0.05780944228172302,0.059902362525463104,0.06199527904391289,0.06408819556236267,0.06618111580610275,0.06827403604984283,0.07036695629358292,0.072459876537323,0.07455279678106308,0.07664571702480316,0.07873863726854324,0.08083155751228333,0.08292447030544281,0.08501739054918289,0.08711031079292297,0.08920323103666306],"_type":"histogram"},